{
    "train_loss": [
        0.6712813593190292
    ],
    "val_loss": [
        0.5576320052146911
    ],
    "val_iou": [
        1.0
    ],
    "val_dice": [
        1.0
    ],
    "val_f1": [
        1.0
    ]
}